<?xml version="1.0" encoding="UTF-8" ?>
<NotepadPlus>
    <!--
    You can reorganize you Macro menu & Run menu by adding attribute 'FolderName="My sub-menu name"' in the Macro nodes & Command nodes respectively,
    for having "My sub-menu name" as your sub-menu entry name. Please consider the following examples:
    -->
    <InternalCommands />
    <Macros>
        <Macro name="Remove empty rows" Ctrl="yes" Alt="no" Shift="yes" Key="69">
            <Action type="0" message="2013" wParam="0" lParam="0" sParam="" />
            <Action type="3" message="1700" wParam="0" lParam="0" sParam="" />
            <Action type="3" message="1601" wParam="0" lParam="0" sParam="\r\n\r\n" />
            <Action type="3" message="1625" wParam="0" lParam="2" sParam="" />
            <Action type="3" message="1602" wParam="0" lParam="0" sParam="\r\n" />
            <Action type="3" message="1702" wParam="0" lParam="640" sParam="" />
            <Action type="3" message="1701" wParam="0" lParam="1609" sParam="" />
            <Action type="3" message="1700" wParam="0" lParam="0" sParam="" />
            <Action type="3" message="1601" wParam="0" lParam="0" sParam="\r\n\r\n" />
            <Action type="3" message="1625" wParam="0" lParam="2" sParam="" />
            <Action type="3" message="1602" wParam="0" lParam="0" sParam="\r\n" />
            <Action type="3" message="1702" wParam="0" lParam="640" sParam="" />
            <Action type="3" message="1701" wParam="0" lParam="1609" sParam="" />
            <Action type="3" message="1700" wParam="0" lParam="0" sParam="" />
            <Action type="3" message="1601" wParam="0" lParam="0" sParam="\r\n\r\n" />
            <Action type="3" message="1625" wParam="0" lParam="2" sParam="" />
            <Action type="3" message="1602" wParam="0" lParam="0" sParam="\r\n" />
            <Action type="3" message="1702" wParam="0" lParam="640" sParam="" />
            <Action type="3" message="1701" wParam="0" lParam="1609" sParam="" />
        </Macro>
        <Macro name="Remove empty row (LF)" Ctrl="yes" Alt="no" Shift="yes" Key="76">
            <Action type="0" message="2013" wParam="0" lParam="0" sParam="" />
            <Action type="3" message="1700" wParam="0" lParam="0" sParam="" />
            <Action type="3" message="1601" wParam="0" lParam="0" sParam="\n\n" />
            <Action type="3" message="1625" wParam="0" lParam="2" sParam="" />
            <Action type="3" message="1602" wParam="0" lParam="0" sParam="\n" />
            <Action type="3" message="1702" wParam="0" lParam="640" sParam="" />
            <Action type="3" message="1701" wParam="0" lParam="1609" sParam="" />
        </Macro>
        <Macro name="Replace [] with ()" Ctrl="no" Alt="no" Shift="no" Key="0">
            <Action type="3" message="1700" wParam="0" lParam="0" sParam="" />
            <Action type="3" message="1601" wParam="0" lParam="0" sParam="[" />
            <Action type="3" message="1625" wParam="0" lParam="1" sParam="" />
            <Action type="3" message="1602" wParam="0" lParam="0" sParam="(" />
            <Action type="3" message="1702" wParam="0" lParam="768" sParam="" />
            <Action type="3" message="1701" wParam="0" lParam="1609" sParam="" />
            <Action type="3" message="1700" wParam="0" lParam="0" sParam="" />
            <Action type="3" message="1601" wParam="0" lParam="0" sParam="]" />
            <Action type="3" message="1625" wParam="0" lParam="1" sParam="" />
            <Action type="3" message="1602" wParam="0" lParam="0" sParam=")" />
            <Action type="3" message="1702" wParam="0" lParam="768" sParam="" />
            <Action type="3" message="1701" wParam="0" lParam="1609" sParam="" />
        </Macro>
    </Macros>
    <UserDefinedCommands>
        <Command name="Get PHP help" Ctrl="no" Alt="yes" Shift="no" Key="112">https://www.php.net/$(CURRENT_WORD)</Command>
        <Command name="Wikipedia Search" Ctrl="no" Alt="yes" Shift="no" Key="114">https://en.wikipedia.org/wiki/Special:Search?search=$(CURRENT_WORD)</Command>
        <Command name="Open selected file path in new instance" Ctrl="no" Alt="yes" Shift="no" Key="117">$(NPP_FULL_FILE_PATH) $(CURRENT_WORD) -nosession -multiInst</Command>
    </UserDefinedCommands>
    <PluginCommands />
    <ScintillaKeys />
</NotepadPlus>
