[{"created":"20210121143149200","creator":"Gabriel Chen Wei","text":"\n.enhanceBorder table, .enhanceBorder th, .enhanceBorder td {\n  border: 1px solid black;\n  border-collapse: collapse;\n}\n\n\n.hightlightRow tr:hover {background-color: Moccasin; color: MediumSlateBlue;}\n.hightlightCell td:hover {background-color: Cyan;}\n\n.padding05em table, .padding05em th, .padding05em td {\n  padding: 0.5em;\n}\n\n.Table2emFont td:hover {font-size: 2em; line-height: 1.3em;}\n\n.zebra tr:nth-child(even) {\n  background-color: #dddddd;\n}","title":"CSS Customized StyleSheet : table","modified":"20231002032541559","modifier":"Gabriel Chen Wei","tags":"$:/tags/Stylesheet Setup CSS Library","type":"text/css"}]