[{"created":"20230701000716664","creator":"Gabriel Chen Wei","text":"\n* Payslip DIR : ''\\database\\GabrielPayslip'' <kbd><<copy-to-clipboard \"C:\\GabrielData\\TiddlyWiki\\database\\GabrielPayslip\">></kbd>\n\n[[(Knowledge)(Admin)(LITEON) How to apply leave on SAGE leave portal, and payslip]]\n\n{{(Knowledge)(Admin)(LITEON) How to apply leave on SAGE leave portal, and payslip}}\n\n\n!! LITEON Payslip Mar-2023 to ...\n@@.li-gap-border-1em\n\n\n\n\n* `[]` Add {Oct}-2023 pay slip (UOB current: { 7337 } SGD + CPF : { 1260 } SGD + Chinese Development Assistance Fund {3} SGD = { 8600 } SGD)\n** [ext[ 📜 Gabriel LITEON payslip Oct-2023.pdf | .\\database\\GabrielPayslip\\Gabriel LITEON payslip Oct-2023.pdf ]]\n\n\n* `[v]` Add {Sep}-2023 pay slip (UOB current: { 7337 } SGD + CPF : { 1260 } SGD + Chinese Development Assistance Fund {3} SGD = { 8600 } SGD)\n** [ext[ 📜 Gabriel LITEON payslip Sep-2023.pdf | .\\database\\GabrielPayslip\\Gabriel LITEON payslip Sep-2023.pdf ]]\n\n* [ext[ 🎯 From 01-Sep-2023, Employee CPF contribution cap increases to 6300 SGD : 6300 SGD * 20% = 1260 SGD (maximum deduction from employee's salary) | https://www.cpf.gov.sg/employer/faq/employer-obligations/what-payments-attract-cpf-contributions/what-are-the-changes-to-the-cpf-salary-ceilings-from-1-sep-2023 ]]\n\n* `[v]` Add {Aug}-2023 pay slip (UOB current: { 7397 } SGD + CPF : { 1200 } SGD + Chinese Development Assistance Fund {3} SGD = { 8600 } SGD)\n** [ext[ 📜 Gabriel LITEON payslip Aug-2023.pdf | .\\database\\GabrielPayslip\\Gabriel LITEON payslip Aug-2023.pdf ]]\n\n\n* `[v]` Add {Jul}-2023 pay slip (UOB current: { 7397 } SGD + CPF : { 1200 } SGD + Chinese Development Assistance Fund {3} SGD = { 8600 } SGD)\n** [ext[ 📜 Gabriel LITEON payslip Jul-2023.pdf | .\\database\\GabrielPayslip\\Gabriel LITEON payslip Jul-2023.pdf ]]\n\n* [ext[ 📜 Gabriel LITEON Salary adjustment 2023, 24-Jul-2023.pdf | .\\database\\GabrielPayslip\\Gabriel LITEON Salary adjustment 2023, 24-Jul-2023.pdf ]]\n** Increased from 8500 SGD to 8600 SGD\n\n\n* `[v]` Add {Jun}-2023 pay slip (UOB current: { 7297 } SGD + CPF : { 1200 } SGD + Chinese Development Assistance Fund {3} SGD = { 8500 } SGD)\n** [ext[ 📜 Gabriel LITEON payslip Jun-2023.pdf | .\\database\\GabrielPayslip\\Gabriel LITEON payslip Jun-2023.pdf ]]\n\n\n* `[v]` Add {May}-2023 pay slip (UOB current: { 7297 } SGD + CPF : { 1200 } SGD + Chinese Development Assistance Fund {3} SGD = { 8500 } SGD)\n** [ext[ 📜 Gabriel LITEON payslip May-2023.pdf | .\\database\\GabrielPayslip\\Gabriel LITEON payslip May-2023.pdf ]]\n\n\n* `[v]` Add {Apr}-2023 pay slip (UOB current: { 7297 } SGD + CPF : { 1200 } SGD + Chinese Development Assistance Fund {3} SGD = { 8500 } SGD)\n** [ext[ 📜 Gabriel LITEON payslip Apr-2023.pdf | .\\database\\GabrielPayslip\\Gabriel LITEON payslip Apr-2023.pdf ]]\n\n\n* `[v]` Add {Mar}-2023 pay slip (UOB current: { 7297 } SGD + CPF : { 1200 } SGD + Chinese Development Assistance Fund {3} SGD = { 8500 } SGD)\n** [ext[ 📜 Gabriel LITEON payslip Mar-2023.pdf | .\\database\\GabrielPayslip\\Gabriel LITEON payslip Mar-2023.pdf ]]\n\n@@\n\n","title":"💰~$~ Gabriel payslip - 2023 - ...","modified":"20231002022835168","modifier":"Gabriel Chen Wei","tags":"__Me__ Finance Admin [[LITEON Singapore Pte Ltd]]","reminder":"20231102160000000","se-type":""}]